Tytuł;Typ;Lokalizacja;Data
Zbrodnia Katyńska;W gminach Metropolii;Muzeum Żup Krakowskich Wieliczka, ul. Zamkowa 8, Wieliczka;17.04.2025, 15:00 - 31.05.2025
Życie, dusza, światło: Skawina!;W gminach Metropolii;Pałacyk „Sokół”, ul. Mickiewicza 7, Skawina;09.05.2025 - 30.07.2025
Green ZOO Festival 2025;Muzyka rozrywkowa;Klub RE, ul. św. Krzyża 4;15.05.2025 - 31.05.2025
Poza siecią;W gminach Metropolii;Piekarnia Sztuki, Spółdzielcza 7, Niepołomice;23.05.2025, 18:00 - 30.06.2025
65. Krakowski Festiwal Filmowy;Festiwale;Kino Kijów, al. Krasińskiego 34;25.05.2025 - 01.06.2025
Każdy inny;W gminach Metropolii;Małopolskie Centrum Dźwięku i Słowa, ul. Zamkowa 4, Niepołomice;25.05.2025, 18:00 - 30.06.2025
Pianofonie;Festiwale;Akademia Muzyczna im. K. Pendereckiego w Krakowie, ul. św. Tomasza 43;26.05.2025 - 02.06.2025
18. Festiwal Muzyki Filmowej w Krakowie;Festiwale;TAURON Arena Kraków, ul. Lema 7;26.05.2025 - 01.06.2025
13. Festiwal Kultury i Mediów Polikultura;Festiwale;;28.05.2025 - 31.05.2025
JUKENalia 2025;Festiwale;WKS Wawel, ul. Podchorążych 3;29.05.2025 - 31.05.2025
Czesław Dźwigaj. Gimnastyka polska;Wystawy czasowe;Nowohuckie Centrum Kultury, al. Jana Pawła II 232;29.05.2025, 18:00 - 31.08.2025
Miasto zwierząt;Wystawy czasowe;Pałac Krzysztofory, Rynek Główny 35;30.05.2025 - 26.10.2025
4. Krakowskie Spotkania Artystyczne 2025 – Tożsamość idei;Festiwale sztuk wizualnych;Pałac Sztuki, pl. Szczepański 4;30.05.2025 - 30.06.2025
Jacek Malczewski w Anatolii;Wystawy czasowe;Zamek Królewski na Wawelu, Wawel 5;30.05.2025 - 17.08.2025
Capella Cracoviensis: Dido and Aeneas;Muzyka klasyczna;Centrum Kongresowe ICE Kraków, ul. Konopnickiej 17;30.05.2025, 18:00
Kosztowny romans;Spektakle teatralne;Teatr Praska 52, ul. Praska 52;30.05.2025, 19:00
Mistrz i Małgorzata (Teatr Ludowy);Spektakle teatralne;Teatr Ludowy, os. Teatralne 34;30.05.2025, 19:00
Cabaret;Spektakle teatralne;Krakowski Teatr Scena STU, al. Krasińskiego 16;30.05.2025, 19:00
Smok!;Spektakle teatralne;Teatr im. Juliusza Słowackiego, pl. Świętego Ducha 1;30.05.2025, 19:00
Głos ludzki / Piaf;Spektakle teatralne;Teatr Ludowy – Scena Pod Ratuszem, Rynek Główny 1;30.05.2025, 19:00
NURT;Spektakle teatralne;Teatr Łaźnia Nowa, os. Szkolne 25;30.05.2025, 19:00
Żabson | Hollywood Smile: X-perience;Muzyka rozrywkowa;Żaczek, al. 3 Maja 5;30.05.2025, 19:00
Persona K2;Spektakle teatralne;Teatr Barakah, ul. Paulińska 28;30.05.2025, 19:00
Six;Spektakle teatralne;Krakowski Teatr Variété, ul. Grzegórzecka 71;30.05.2025, 19:00
Burlesque Show;Kabaret;Teatr Cabaret w Krakowie, Krakowska 5, Kraków;30.05.2025, 19:00
Skandal po krakosku;Spektakle teatralne;Teatr Współczesny, ul. Starowiślna 21;30.05.2025, 19:00
Wieczór niePerwersyjny - Niewielka majówka;Spektakle teatralne;Teatr Loch Camelot, ul. św. Tomasza 19, Kraków;30.05.2025, 19:00
ORGANIX. Viola Tycz;Wystawy czasowe;Międzynarodowe Centrum Sztuk Graficznych, Rynek Główny 29;30.05.2025, 19:00 - 11.06.2025
Pomoc domowa;Spektakle teatralne;Teatr Bagatela im. Tadeusza Boya-Żeleńskiego, ul. Karmelicka 6;30.05.2025, 19:15
Kora. Boska;Spektakle teatralne;Teatr Nowy Proxima, ul. Krakowska 41;30.05.2025, 19:15
Kredyt;Spektakle teatralne;Teatr Bagatela – Scena na Sarego 7, ul. Sarego 7;30.05.2025, 19:15
Jestem obok;Spektakle teatralne;sztuka na wynos, ul. Starowiślna 55/6;30.05.2025, 19:30
Boa;Spektakle teatralne;Narodowy Stary Teatr im. Heleny Modrzejewskiej, ul. Jagiellońska 1;30.05.2025, 19:30
V Festiwal Chórów Dziecięcych;Festiwale;Cerkiew Podwyższenia Krzyża Świętego , ul. Wiślna 11;30.05.2025, 19:30
Drzewo, dom i stół;Muzyka rozrywkowa;Strefa Nowa, ul. Kopernika 19;30.05.2025, 20:00
Bóg mordu (Teatr Bez Rzędów);Spektakle teatralne;Teatr Bez Rzędów, ul. Krakowska 13;30.05.2025, 20:00
Zagubieni w teatrze;Spacery i zwiedzanie;Teatr im. Juliusza Słowackiego, pl. Świętego Ducha 1;30.05.2025, 22:30
Małopolski Festiwal Komiksu 2025;Festiwale literackie;Arteteka Wojewódzkiej Biblioteki Publicznej, ul. Rajska 12;31.05.2025 - 01.06.2025
Spacer literacki szlakiem klasztornych bibliotek;Inne wydarzenia literackie;;31.05.2025, 09:00
Zwiedzanie teatru z przewodnikiem;Spacery i zwiedzanie;Teatr im. Juliusza Słowackiego, pl. Świętego Ducha 1;31.05.2025, 09:30
80 lat z książką, 80 lat z biblioteką!;W gminach Metropolii;Mediateka – Biblioteka Miejska w Wieliczce, pl. Skulimowskiego 3, Wieliczka;31.05.2025, 10:00
Andy Warhol. Dialog z pop-artem;Wystawy czasowe;Małopolskie Centrum Nauki Cogiteon, ul. Stefana Steca 1;31.05.2025, 10:00 - 29.08.2025
Muzyka i magia;Muzyka klasyczna;Opera Krakowska, ul. Lubicz 48;31.05.2025, 11:00
Przygody Tomka Sawyera;Spektakle teatralne;Teatr Bagatela im. Tadeusza Boya-Żeleńskiego, ul. Karmelicka 6;31.05.2025, 11:00
Kraków na okrągło – spacery z przewodnikami;Spacery i zwiedzanie;;31.05.2025, 11:00
26. Letni Festiwal Opery Krakowskiej;Festiwale;Opera Krakowska, ul. Lubicz 48;31.05.2025, 11:00
Lato nad Bagrami 2025;Widowiska plenerowe i happeningi;Zalew Bagry, ul. Kozia 30;31.05.2025, 11:00-17:00
Bajka o rybaku i złotej rybce;Muzyka klasyczna;Opera Krakowska, ul. Lubicz 48;31.05.2025, 13:30
Niesamowite przygody dziesięciu skarpetek (czterech prawych i sześciu lewych);Spektakle teatralne;Teatr Groteska, ul. Skarbowa 2;31.05.2025, 16:00
XXXIII Międzynarodowy Festiwal Letnie Koncerty Organowe;Festiwale;Opactwo oo. Benedyktynów w Tyńcu, ul. Benedyktyńska 37;31.05.2025, 16:00
Śpiewaj mi, bo chcę;Spektakle teatralne;Teatr Ludowy – Scena Pod Ratuszem, Rynek Główny 1;31.05.2025, 16:30
Medioci;Spektakle teatralne;Teatr Szczęście, os. Zielone 9;31.05.2025, 17:00
Dzień Wolności i Samorządności w NCK;Pozostałe;Nowohuckie Centrum Kultury, al. Jana Pawła II 232;31.05.2025, 17:00
Schron przeciwczasowy;Spektakle teatralne;Narodowy Stary Teatr – Scena Kameralna, ul. Starowiślna 21;31.05.2025, 18:00
10 lat Variété;Spektakle teatralne;Krakowski Teatr Variété, ul. Grzegórzecka 71;31.05.2025, 18:00
Weekend z Pawłem Pawlikowskim w Kinie KIKA;Pokazy filmowe;Kinokawiarnia KIKA, ul. Krasickiego 18;31.05.2025, 18:00
Dzieci z Dworca ZOO;Spektakle teatralne;Teatr Barakah, ul. Paulińska 28;31.05.2025, 19:00
Spóźnione odwiedziny;Spektakle teatralne;Teatr im. Juliusza Słowackiego – Scena Miniatura (Dom Machin), pl. Świętego Ducha 2;31.05.2025, 19:00
100 lat polskiej piosenki;Spektakle taneczne;Teatr Cabaret w Krakowie, Krakowska 5, Kraków;31.05.2025, 19:00
Narzeczony mojej żony;Spektakle teatralne;Teatr Praska 52, ul. Praska 52;31.05.2025, 19:00
Moje domy na trzy głosy;Spektakle teatralne;Scena Teatru Zależnego, ul. Kanonicza 1;31.05.2025, 19:00
Spotkanie;Spektakle teatralne;Klub Kazimierz, ul. Krakowska 13/18;31.05.2025, 19:00
Szpilki, koki i Włoski kochanek;Kabaret;Muzeum Sztuki i Techniki Japońskiej Manggha, ul. Konopnickiej 26;31.05.2025, 19:00
Letni dzień;Spektakle teatralne;Pod Jaszczurami, Rynek Główny 8;31.05.2025, 19:00
sKRRt – Konkurs Recytacji Rapu #5;Inne przedstawienia;Teatr im. Juliusza Słowackiego, pl. Świętego Ducha 1;31.05.2025, 19:30
Kabaret Piwnica pod Baranami;Kabaret;Piwnica pod Baranami, Rynek Główny 27;31.05.2025, 20:00
StrefaEtno | Kapela ze Wsi Warszawa;Muzyka rozrywkowa;Strefa Nowa, ul. Kopernika 19;31.05.2025, 20:00
Projekt 51. Wystawa grafik inspirowanych twórczością Georges’a Pereca;Wystawy czasowe;Lokator, ul. Mostowa 1;01.06.2025 - 30.06.2025
Sto nocnych zjaw. Duchy, demony i upiory w sztuce Japonii i Zachodu;Wystawy czasowe;Muzeum Sztuki i Techniki Japońskiej Manggha, ul. Konopnickiej 26;01.06.2025 - 31.08.2025
Piknik na Dzień Dziecka w Ogrodzie Doświadczeń;Widowiska plenerowe i happeningi;Ogród Doświadczeń im. Stanisława Lema, park Lotników Polskich, al. Pokoju 68;01.06.2025, 10:00-18:00
Gino i Suzi. Kucharze;Spektakle teatralne;Teatr Praska 52, ul. Praska 52;01.06.2025, 11:00
Czytamy i oglądamy w Agrafce. Felek i Tola ratują las;Pokazy filmowe;Kino Agrafka, ul. Krowoderska 8;01.06.2025, 11:00
Rytmy Światła Błyski;Spektakle teatralne;Teatr Figurki, ul. Sławkowska 14;01.06.2025, 12:00
Mała KIKA. Dzień Dziecka z polską animacją;Pokazy filmowe;Kinokawiarnia KIKA, ul. Krasickiego 18;01.06.2025, 12:00
O mało co...;Spektakle teatralne;Centrum Kongresowe ICE Kraków, ul. Konopnickiej 17;01.06.2025, 15:00
Bajkowy Dzień Dziecka z CKiS;W gminach Metropolii;Park Miejski im. marsz. Józefa Piłsudskiego, ul. Kublińskiego, Skawina;01.06.2025, 15:00
Twój problem, nasza głowa – komediowe show improwizowane;Inne przedstawienia;Buda, ul. Czapskich 2;01.06.2025, 17:00
Sei Solo – muzyka skrzypcowa J.S. Bacha i jemu współczesnych;Muzyka klasyczna;Aula Florianka, ul. Basztowa 8;01.06.2025
Monty Python i Święty Graal. Pokazy specjalne w Kinie Agrafka;Pokazy filmowe;Kino Agrafka, ul. Krowoderska 8;01.06.2025, 18:00
MET Opera w Kinie Kijów;Pokazy filmowe;Kino Kijów, al. Krasińskiego 34;01.06.2025, 18:55
Nick Cave. Ballady kochanków i morderców;Spektakle teatralne;Pod Jaszczurami, Rynek Główny 8;01.06.2025, 19:00
Tysiąclecie Korony Polskiej;Spotkania i slajdowiska;Collegium Novum UJ, ul. Gołębia 24;02.06.2025, 16:00
Książka receptą na życie. Spotkanie z Elżbietą Łapczyńską i Marcinem Wilkiem;Spotkania i wykłady literackie;Antykwariat Abecadło, ul. Kościuszki 18;02.06.2025, 18:00
Mieszczanie, dekadenci, literaci. O powieści Buddenbrokowie;Spotkania i wykłady literackie;Goethe-Institut Krakau, ul. Podgórska 34;02.06.2025, 18:00
Komediowy pokaz powarsztatowy. Grupa Janka;Kabaret;Buda, ul. Czapskich 2;02.06.2025, 20:00
Kino Bambino. Wszystkie odcienie światła;Cykle filmowe;Kinokawiarnia KIKA, ul. Krasickiego 18;03.06.2025, 11:00
Billie Eilish w Tauron Arenie Kraków;Muzyka rozrywkowa;TAURON Arena Kraków, ul. Lema 7;03.06.2025, 18:00
Królewna Śnieżka;Spektakle taneczne;Krakowski Teatr Variété, ul. Grzegórzecka 71;03.06.2025, 18:00
Jak zostałem prezesem;W gminach Metropolii;Biblioteka Publiczna Gminy Michałowice, pl. Piłsudskiego 2, Michałowice;03.06.2025, 18:00 - 18.06.2025
Wałęsa w Kolonos (online);Spektakle teatralne;Teatr Łaźnia Nowa, os. Szkolne 25;03.06.2025, 18:00 - 10.06.2025, 18:00
Sztuka (Teatr Ludowy);Spektakle teatralne;Teatr Ludowy – Scena Pod Ratuszem, Rynek Główny 1;03.06.2025, 19:00
Sługa dwóch panów;Spektakle teatralne;Krakowski Teatr Scena STU, al. Krasińskiego 16;03.06.2025, 19:00
Ostatnia nadzieja;Spektakle teatralne;Teatr Łaźnia Nowa, os. Szkolne 25;03.06.2025, 19:00
Watch Out! It's Koraly Dimitriadis! Spotkanie z autorką i Open Mic;Spotkania i wykłady literackie;Café Szafé, ul. Felicjanek 10;03.06.2025, 19:00
Szalone nożyczki;Spektakle teatralne;Teatr Bagatela im. Tadeusza Boya-Żeleńskiego, ul. Karmelicka 6;03.06.2025, 19:15
Me First and the Gimme Gimmes w Hype Parku;Muzyka rozrywkowa;Hype Park / Kamienna12, ul. Kamienna 12;03.06.2025, 19:30
Nytt Land w Gwarku;Muzyka rozrywkowa;Gwarek, ul. Reymonta 17;03.06.2025, 20:00
Pyza na polskich dróżkach;Spektakle teatralne;Teatr Ludowy, os. Teatralne 34;04.06.2025, 09:00
Bajki dla niegrzecznych;Spektakle teatralne;Teatr Bagatela im. Tadeusza Boya-Żeleńskiego, ul. Karmelicka 6;04.06.2025, 11:00
Teatr Ludowy: Calineczka;Spektakle teatralne;Teatralny Instytut Młodych, os. Teatralne 23;04.06.2025, 11:15
Blask Montparnasse’u. Sylwia Zientek w rozmowie z Delfiną Jałowik;Wykłady, spacery i warsztaty artystyczne;Bunkier Sztuki, pl. Szczepański 3a;04.06.2025, 17:30
Miłość ci wszystko wybaczy;Muzyka rozrywkowa;Cabaret, ul. Krakowska 5;04.06.2025, 18:00
Historie z plakatu;Wystawy czasowe;Nowohuckie Centrum Kultury, al. Jana Pawła II 232;04.06.2025, 18:00 - 13.07.2025
Od nowa;Spektakle teatralne;Teatr im. Juliusza Słowackiego – Scena Miniatura (Dom Machin), pl. Świętego Ducha 2;04.06.2025, 19:00
Kacper Ruciński: Zaznacz mosty;Kabaret;Nowohuckie Centrum Kultury, al. Jana Pawła II 232;04.06.2025, 19:00
... i zawsze przy mnie stój;Spektakle teatralne;sztuka na wynos, ul. Starowiślna 55/6;04.06.2025, 19:30
VW Beach Pro Tour Futures 2025;Wydarzenia sportowe;Plac Jana Nowaka-Jeziorańskiego;05.06.2025 - 08.06.2025
Kto pocieszy pechowego nosorożca?;Spektakle teatralne;Teatr Groteska, ul. Skarbowa 2;05.06.2025, 11:30
Kopciuszek;Spektakle teatralne;Narodowy Stary Teatr – Scena Kameralna, ul. Starowiślna 21;05.06.2025, 12:00
Pułapka projektowania cyfrowego: zdrowie psychiczne w świecie online;Spotkania i slajdowiska;Instytut Cervantesa w Krakowie, ul. Kanonicza 12;05.06.2025, 12:00
Reporter slam;Inne wydarzenia literackie;Goethe-Institut Krakau, ul. Podgórska 34;05.06.2025, 18:00
Trust Me / Zaufaj mi. Pokazy specjalne w Agrafce i Kice;Pokazy filmowe;Kino Agrafka, ul. Krowoderska 8;05.06.2025, 18:30
Sarenki;Spektakle teatralne;Teatr Ludowy – Scena Pod Ratuszem, Rynek Główny 1;05.06.2025, 19:00
RENT;Spektakle teatralne;Krakowski Teatr Variété, ul. Grzegórzecka 71;05.06.2025, 19:00
Capella Cracoviensis: 55. urodziny;Muzyka klasyczna;Filharmonia Krakowska, ul. Zwierzyniecka 1;05.06.2025, 19:00
Nie pytaj. Ciechowski;Spektakle teatralne;Teatr Nowy Proxima, ul. Krakowska 41;05.06.2025, 19:15
Sinfonietta Nova: Pianohooligan;Muzyka klasyczna;Teatr Łaźnia Nowa, os. Szkolne 25;05.06.2025, 19:30
Piosenka francuska i cancan;Spektakle taneczne;Teatr Cabaret w Krakowie, Krakowska 5, Kraków;05.06.2025, 20:00
Slam w Magazynie Kultury;Inne wydarzenia literackie;Kolanko Nº 6, ul. Józefa 17;05.06.2025, 20:00
Monty Python i Święty Graal. Pokazy specjalne w Kinie KIKA;Pokazy filmowe;Kinokawiarnia KIKA, ul. Krasickiego 18;05.06.2025, 20:00
Has. Kroniki wyobraźni. Przegląd filmów Wojciecha Jerzego Hasa w Kinie Paradox;Festiwale i przeglądy filmowe;Kino Paradox, ul. Krupnicza 38;06.06.2025
Piękno soli;W gminach Metropolii;Muzeum Żup Krakowskich Wieliczka, ul. Zamkowa 8, Wieliczka;06.06.2025 - 31.10.2025
Marzenia polskie / Les rêves polonais;Spektakle teatralne;Narodowy Stary Teatr im. Heleny Modrzejewskiej, ul. Jagiellońska 1;06.06.2025, 12:00
Pierwsza randka. Rozmowy o relacjach. Spotkanie z Natalią Kusiak;Spotkania i wykłady literackie;Puro Hotel, ul. Halicka 14a;06.06.2025, 18:00
Krótka historia fortepianu;Muzyka klasyczna;Fortepiano Atelier, ul. Kopernika 19 (wejście nr 2 / entrance No. 2);06.06.2025, 18:00
Nie odwracaj wzroku  Refleksje wokół pokazu „Olimpii” Katarzyny Kozyry;Wystawy czasowe;MuFo Rakowicka, ul. Rakowicka 22a;06.06.2025, 18:00 - 07.09.2025, 18:00
Poza spojrzeniem;W gminach Metropolii;Folwark Kultura w Owczarach, ul. Długa 72, Owczary;06.06.2025, 18:30 - 31.08.2025
Pocieszne wykwintnisie. Komedia Pana Moliera;Spektakle teatralne;Teatr Praska 52, ul. Praska 52;06.06.2025, 19:00
Misery (Teatr Barakah);Spektakle teatralne;Teatr Barakah, ul. Paulińska 28;06.06.2025, 19:00
Wujaszek Wania;Spektakle teatralne;Teatr Ludowy – Scena Pod Ratuszem, Rynek Główny 1;06.06.2025, 19:00
Najdroższy;Spektakle teatralne;Kino Kijów, al. Krasińskiego 34;06.06.2025, 19:00
Bardzo Czarodziejska Góra, czyli impro literackie z Thomasem Mannem;Inne przedstawienia;Goethe-Institut Krakau, ul. Podgórska 34;06.06.2025, 19:00
Piosenki odnowa. Kamila Klimczak;Inne przedstawienia;Teatr Bagatela – Scena na Sarego 7, ul. Sarego 7;06.06.2025, 19:15
Pijacy (Teatr Bagatela);Spektakle teatralne;Teatr Bagatela im. Tadeusza Boya-Żeleńskiego, ul. Karmelicka 6;06.06.2025, 19:15
Kolacja dla głupca;Spektakle teatralne;Teatr Ludowy, os. Teatralne 34;06.06.2025, 19:30
Gustav Mahler Festival;Muzyka klasyczna;Filharmonia Krakowska, ul. Zwierzyniecka 1;06.06.2025, 19:30
Trzeci Krakowski Nocny Przejazd Rowerowy;Wydarzenia sportowe;Gmach Główny, al. 3 Maja 1;06.06.2025, 19:30-22:30
Ferry Corsten w Hype Parku;Muzyka klubowa;Hype Park / Kamienna12, ul. Kamienna 12;06.06.2025, 22:00
Noc Tańca;Spektakle taneczne;Plac Szczepański;07.06.2025
Rudawa: #Tata też czyta;W gminach Metropolii;Rudawskie Centrum Kultury, Rynek 4, Rudawa;07.06.2025, 10:00
Nienasyceni;Spektakle teatralne;Kino Kijów, al. Krasińskiego 34;07.06.2025, 16:00
Dni Skawiny 2025;W gminach Metropolii;Park Miejski im. marsz. Józefa Piłsudskiego, ul. Kublińskiego, Skawina;07.06.2025, 16:00 - 08.06.2025
Rozmowa Andy Rottenberg z Michałem Nogasiem;Wykłady, spacery i warsztaty artystyczne;Bunkier Sztuki, pl. Szczepański 3a;07.06.2025, 16:00
Checkmate;Spektakle taneczne;Teatr KTO, ul. Zamoyskiego 50;07.06.2025, 16:00
Bardziej to czuję, niż wiem – komediowe show improwizowane;Inne przedstawienia;Buda, ul. Czapskich 2;07.06.2025, 17:00
Podaj mi dłoń – Artur Ruciński & Rafał Siwek;Muzyka klasyczna;Opera Krakowska, ul. Lubicz 48;07.06.2025, 17:00
Skóra po dziadku;Spektakle teatralne;Teatr Łaźnia Nowa, os. Szkolne 25;07.06.2025, 18:00
Święto Miasta i Gminy Świątniki Górne;W gminach Metropolii;Parking Park&Ride w Świątnikach Górnych, Bruchnalskiego 36, Świątniki Górne;07.06.2025, 18:00
Royal Opera Festival 2025;Festiwale muzyczne;Filharmonia Krakowska, ul. Zwierzyniecka 1;07.06.2025, 18:00
Huta Sound w Kwadracie;Muzyka rozrywkowa;Kwadrat, ul. Skarżyńskiego 1;07.06.2025, 18:30
Trzy siostry w STU;Spektakle teatralne;Krakowski Teatr Scena STU, al. Krasińskiego 16;07.06.2025, 19:00
Stosunki prawne;Spektakle teatralne;Teatr Praska 52, ul. Praska 52;07.06.2025, 19:00
Lata 20, lata 30;Spektakle taneczne;Teatr Cabaret w Krakowie, Krakowska 5, Kraków;07.06.2025, 19:00
Burleska Opera Buffa Show;Spektakle taneczne;Klub 6 Brygady Powietrznodesantowej Kraków, ul. Zyblikiewicza 1;07.06.2025, 21:00
Święto Soli 2025;W gminach Metropolii;Muzeum Żup Krakowskich Wieliczka, ul. Zamkowa 8, Wieliczka;08.06.2025, 10:00-18:00
XXVI Małopolski Festiwal Orkiestr Dętych;W gminach Metropolii;Amfiteatr w Więcławicach Starych, ul. św. Jakuba 105, Więcławice Stare;08.06.2025, 10:00
XXVI Małopolski Festiwal Orkiestr;W gminach Metropolii;Amfiteatr w Więcławicach Starych, ul. św. Jakuba 105, Więcławice Stare;08.06.2025
Gospel na Skałce 2025;Inne koncerty;Kościół na Skałce, ul. Skałeczna 15;08.06.2025, 15:00
Trójkącik, czyli trzech na próbę;Spektakle teatralne;Kino Kijów, al. Krasińskiego 34;08.06.2025, 15:30
Rodzinne rewolucje;Spektakle teatralne;Kino Kijów, al. Krasińskiego 34;08.06.2025, 16:00
Letni Festiwal Operetkowy na Wiśle im. Iwony Borowickiej 2025;Muzyka klasyczna;Centrum Kongresowe ICE Kraków, ul. Konopnickiej 17;08.06.2025, 16:00
10 Tenorów: Dla Ciebie, Mamo w ICE Kraków;Muzyka rozrywkowa;Centrum Kongresowe ICE Kraków, ul. Konopnickiej 17;08.06.2025, 18:00
Koncert Tanga Piazzoli;W gminach Metropolii;Willa Lubomirskich w Kochanowie, ul. Lubomirskich 125, Kochanów;08.06.2025, 18:00
Gdy przyjdzie sen;Spektakle teatralne;Teatr Ludowy – Scena Pod Ratuszem, Rynek Główny 1;08.06.2025, 19:00
Byłam żoną Boba Marleya;Spektakle teatralne;Teatr KTO, ul. Zamoyskiego 50;08.06.2025, 19:00
Szymborska. Kropki, przecinki, papierosy;Spektakle teatralne;Teatr im. Juliusza Słowackiego – Scena Miniatura (Dom Machin), pl. Świętego Ducha 2;08.06.2025, 19:00
Wieczory wawelskie Filharmonii Krakowskiej;Muzyka klasyczna;Zamek Królewski na Wawelu, Wawel 5;08.06.2025, 19:00
I love Cabaret;Spektakle teatralne;Teatr Cabaret w Krakowie, Krakowska 5, Kraków;08.06.2025, 19:00
Plenerowy Koncert Włoskiej Piosenki;W gminach Metropolii;Zamek Królewski w Niepołomicach, ul. Zamkowa 2, Niepołomice;08.06.2025, 19:00
Poranki organowe w Filharmonii Krakowskiej;Muzyka klasyczna;Filharmonia Krakowska, ul. Zwierzyniecka 1;09.06.2025, 09:00
Karolcia. Historia o niebieskim koraliku;Inne przedstawienia;Teatr Współczesny, ul. Starowiślna 21;09.06.2025, 09:00
Northlane, Luna Kills, Defects w Hype Parku;Muzyka rozrywkowa;Hype Park / Kamienna12, ul. Kamienna 12;09.06.2025, 18:00
Nerwica natręctw;Spektakle teatralne;Kino Kijów, al. Krasińskiego 34;09.06.2025, 19:00
Do dwóch razy sztuka;Spektakle teatralne;Krakowski Teatr Variété, ul. Grzegórzecka 71;09.06.2025, 19:00
Daniel Midas: Złote myśli;Kabaret;Centrum Kongresowe ICE Kraków, ul. Konopnickiej 17;09.06.2025, 19:00
Pippi;Spektakle teatralne;Teatr Ludowy, os. Teatralne 34;10.06.2025, 09:00
Pensjonat Pana Bielańskiego;Spektakle teatralne;Teatr Bagatela im. Tadeusza Boya-Żeleńskiego, ul. Karmelicka 6;10.06.2025, 18:00
Klub Książki Środkowoeuropejskiej;Spotkania i wykłady literackie;Międzynarodowe Centrum Kultury, Rynek Główny 25;10.06.2025
Dead Poet Society w Kwadracie;Muzyka rozrywkowa;Kwadrat, ul. Skarżyńskiego 1;10.06.2025, 18:00
Boże mój!;Spektakle teatralne;Krakowski Teatr Scena STU, al. Krasińskiego 16;10.06.2025, 19:00
Wstyd (Teatr Ludowy);Spektakle teatralne;Teatr Ludowy, os. Teatralne 34;10.06.2025, 19:00
POP2 (personzeropersontoo);Spektakle teatralne;Teatr Łaźnia Nowa, os. Szkolne 25;10.06.2025, 19:00
Zebrahead w Hype Parku;Muzyka rozrywkowa;Hype Park / Kamienna12, ul. Kamienna 12;10.06.2025, 19:30
XXXI Międzynarodowy Festiwal „Starzy i Młodzi, czyli Jazz w Krakowie”;Festiwale;Muzeum Sztuki i Techniki Japońskiej Manggha, ul. Konopnickiej 26;10.06.2025 - 11.06.2025
Arcadia;Spektakle teatralne;Teatr KTO, ul. Zamoyskiego 50;11.06.2025, 00:00
Katarynka;Spektakle teatralne;Teatr Współczesny, ul. Starowiślna 21;11.06.2025, 09:00
Dziwny przypadek psa nocną porą;Spektakle teatralne;Teatr Groteska, ul. Skarbowa 2;11.06.2025, 11:45
Przygody Tomka Sawyera;Spektakle teatralne;Teatr Groteska, ul. Skarbowa 2;11.06.2025, 11:45
Pogo;Spektakle teatralne;Teatr Ludowy – Scena Pod Ratuszem, Rynek Główny 1;11.06.2025, 17:00
Creeper w Gwarku;Muzyka rozrywkowa;Gwarek, ul. Reymonta 17;11.06.2025, 18:00
Cabaret Song;Kabaret;Teatr Cabaret w Krakowie, Krakowska 5, Kraków;11.06.2025, 18:00
Dunaj. Chyłe pola. Spotkanie z Małgorzatą Lebdą;Spotkania i wykłady literackie;Lokator, ul. Mostowa 1;11.06.2025, 19:00
Święty Rysiek ze Śląska (Wehikuł czasu);Spektakle teatralne;Teatr Nowy Proxima, ul. Krakowska 41;11.06.2025, 19:15
(Nie)wielkie kłamstewka – komediowy spektakl teatralny;Inne przedstawienia;Teatr Figur Kraków, ul. Sławkowska 14;11.06.2025, 20:00
Mały Książę (Teatr Ludowy);Spektakle teatralne;Teatralny Instytut Młodych, os. Teatralne 23;12.06.2025, 10:00
Zamach na Narodowy Stary Teatr;Spektakle teatralne;;12.06.2025, 18:00
Sceny z życia małżeńskiego;Spektakle teatralne;Narodowy Stary Teatr – Scena Kameralna, ul. Starowiślna 21;12.06.2025, 18:00
6arelyhuman w Kwadracie;Muzyka rozrywkowa;Kwadrat, ul. Skarżyńskiego 1;12.06.2025, 18:00
9. urodziny Kina za Rogiem w Michałowicach;W gminach Metropolii;Centrum Kultury i Promocji w Michałowicach, pl. Józefa Piłsudskiego 2, Michałowice;12.06.2025, 18:00
Wszystko o kobietach (Teatr Ludowy);Spektakle teatralne;Teatr Ludowy – Scena Pod Ratuszem, Rynek Główny 1;12.06.2025, 19:00
Eros i Psi;Spektakle teatralne;Teatr KTO, ul. Zamoyskiego 50;12.06.2025, 19:00
Cabaret Show;Kabaret;Teatr Cabaret w Krakowie, Krakowska 5, Kraków;12.06.2025, 20:00
Piękni, młodzi, trzydziestoletni;Kabaret;Krakowskie Forum Kultury, ul. Mikołajska 2;12.06.2025, 20:00
W krainie Króla Lwa | Spektakl 4+;Spektakle teatralne;Teatr Współczesny, ul. Starowiślna 21;13.06.2025, 09:00
Magnetyzm serc;Spektakle teatralne;Narodowy Stary Teatr im. Heleny Modrzejewskiej, ul. Jagiellońska 1;13.06.2025, 12:00
Wodecki Twist Festiwal 2025;Festiwale;Centrum Kongresowe ICE Kraków, ul. Konopnickiej 17;13.06.2025 - 15.06.2025
Senioralia Gminy Zabierzów;W gminach Metropolii;Rynek w Zabierzowie;13.06.2025, 14:00
Gwałtu, co się dzieje;Spektakle teatralne;Teatr Bagatela im. Tadeusza Boya-Żeleńskiego, ul. Karmelicka 6;13.06.2025, 18:00
Przekręt (nie)doskonały;Spektakle teatralne;Kino Kijów, al. Krasińskiego 34;13.06.2025, 19:00
Boska;Spektakle teatralne;Teatr Ludowy – Scena Pod Ratuszem, Rynek Główny 1;13.06.2025, 19:00
Pignon i Urząd Skarbowy;Spektakle teatralne;Teatr Ludowy, os. Teatralne 34;13.06.2025, 19:00
Australia;Spektakle teatralne;Teatr im. Juliusza Słowackiego – Scena Miniatura (Dom Machin), pl. Świętego Ducha 2;13.06.2025, 19:00
Pojebajka;Spektakle teatralne;Teatr Współczesny, ul. Starowiślna 21;13.06.2025, 19:00
Amoria;Spektakle teatralne;Teatr Barakah, ul. Paulińska 28;13.06.2025, 19:00
Gwiazdy z Sinfoniettą: Simon Höfele;Muzyka klasyczna;Galeria Sztuki Polskiej XIX wieku w Sukiennicach, Rynek Główny 3;13.06.2025, 19:00
Coilguns, Why Bother? w Alchemii;Muzyka rozrywkowa;Alchemia, ul. Estery 5;13.06.2025, 19:30
Gloryhammer, Moonlight Haze w Hype Parku;Muzyka rozrywkowa;Hype Park / Kamienna12, ul. Kamienna 12;13.06.2025, 19:30
Warfield: Deathrock Devotionals w Gwarku;Muzyka rozrywkowa;Gwarek, ul. Reymonta 17;13.06.2025, 19:30
Filharmonia Krakowska: Alexandre Da Costa;Muzyka klasyczna;Filharmonia Krakowska, ul. Zwierzyniecka 1;13.06.2025, 19:30
Agata Ślazyk: Święto powinno trwać cały tydzień;Muzyka rozrywkowa;Piwnica pod Baranami, Rynek Główny 27;13.06.2025, 20:00
Cycle of Culture w RE;Muzyka rozrywkowa;Klub RE, ul. św. Krzyża 4;13.06.2025, 20:00
33 Dni Niepołomic;W gminach Metropolii;Rynek w Niepołomicach, Niepołomice;14.06.2025 - 15.06.2025
Noc Teatrów;Spektakle teatralne;Rynek Podgórski;14.06.2025
Sonety Szekspira;Spektakle teatralne;Teatr KTO, ul. Zamoyskiego 50;14.06.2025, 16:00
Podróż poślubna plus, czyli wakacje w promocji;Spektakle teatralne;Kino Kijów, al. Krasińskiego 34;14.06.2025, 16:00
Dni Gminy Zabierzów;W gminach Metropolii;Rynek w Zabierzowie;14.06.2025, 17:00 - 15.06.2025
Rozmowa Andy Rottenberg z Michałem Nogasiem;Wykłady, spacery i warsztaty artystyczne;Bunkier Sztuki, pl. Szczepański 3a;14.06.2025, 17:00
Festiwal Black or White 2025;Muzyka rozrywkowa;Klub Studio, ul. Budryka 4;14.06.2025, 18:00
Czesław Dźwigaj w Krakowie;Wystawy czasowe;Pałac Sztuki, pl. Szczepański 4;14.06.2025, 18:00
Dom weselny;Spektakle teatralne;Krakowski Teatr Scena STU, al. Krasińskiego 16;14.06.2025, 19:00
Wszystko, co najlepsze;Spektakle teatralne;Teatr Bagatela – Scena na Sarego 7, ul. Sarego 7;14.06.2025, 19:15
donGURALesko, Pih, W.E.N.A. w Żaczku;Muzyka rozrywkowa;Żaczek, al. 3 Maja 5;14.06.2025, 20:00
Bal (Teatr KTO);Spektakle teatralne;Teatr KTO, ul. Zamoyskiego 50;14.06.2025, 21:30
XII Rajd Rowerowy po gminie Zielonki;W gminach Metropolii;Park Wiejski, Galicyjska 28, 32-087 Zielonki;15.06.2025, 08:00
Gdzie gubią się zdania;Spektakle teatralne;Teatr Groteska, ul. Skarbowa 2;15.06.2025, 11:00
Art & Food Bazar 2025;Targi i kiermasze;Stary Kleparz, Rynek Kleparski;15.06.2025, 11:00-17:00
Napis;Spektakle teatralne;Teatr Praska 52, ul. Praska 52;15.06.2025, 18:00
Urban. Idę po was...;Spektakle teatralne;Teatr Łaźnia Nowa, os. Szkolne 25;15.06.2025, 18:00
DZ Deathrays w Gwarku;Muzyka rozrywkowa;Gwarek, ul. Reymonta 17;15.06.2025, 19:30
Lista męskich życzeń;Spektakle teatralne;Teatr Bagatela im. Tadeusza Boya-Żeleńskiego, ul. Karmelicka 6;16.06.2025, 17:30
Dirty Honey: Mayhem & Revelry w Klubie Spotkań Poczta Główna;Muzyka rozrywkowa;Klub Spotkań Poczta Główna, ul. Westerplatte 20;16.06.2025, 18:00
Brzydkie kaczątko;Spektakle teatralne;Teatr Groteska, ul. Skarbowa 2;17.06.2025, 09:00
Legalna blondynka JR;Spektakle teatralne;Nowohuckie Centrum Kultury, al. Jana Pawła II 232;17.06.2025, 09:00
070 Shake: Petrichor w Studio;Muzyka rozrywkowa;Klub Studio, ul. Budryka 4;17.06.2025, 18:00
Inne rozkosze;Spektakle teatralne;Krakowski Teatr Scena STU, al. Krasińskiego 16;17.06.2025, 19:00
O dwóch doktorach i jednej pacjentce;Spektakle teatralne;Teatr im. Juliusza Słowackiego – Scena Miniatura (Dom Machin), pl. Świętego Ducha 2;17.06.2025, 19:00
Śmierć pięknych saren;Spektakle teatralne;Teatr Bagatela – Scena na Sarego 7, ul. Sarego 7;17.06.2025, 19:15
Mannowski Klub Książkowy: Pajac;Inne wydarzenia literackie;De Revolutionibus Books, Rynek Podgórski 8;18.06.2025, 18:00
Pokój;Spektakle teatralne;Małopolski Ogród Sztuki, ul. Rajska 12;18.06.2025, 19:00
Scorpions w Tauron Arenie Kraków;Muzyka rozrywkowa;TAURON Arena Kraków, ul. Lema 7;18.06.2025, 20:00
Jarmark Świętojański 2025;Targi i kiermasze;Bulwary Wiślane;19.06.2025 - 29.06.2025
Wesele (Stary Teatr);Spektakle teatralne;Narodowy Stary Teatr im. Heleny Modrzejewskiej, ul. Jagiellońska 1;19.06.2025, 18:00
Obiady Czwartkowe w Pałacu Nieśmiertelności;Spotkania i slajdowiska;Pałac Nieśmiertelności, Krakowska 13, Kraków;19.06.2025, 18:00
Wariacje Tischnerowskie. Kabaret filozoficzny;Spektakle teatralne;Krakowski Teatr Scena STU, al. Krasińskiego 16;19.06.2025, 19:00
Premiera, która poszła nie tak;Spektakle teatralne;Krakowski Teatr Variété, ul. Grzegórzecka 71;19.06.2025, 19:00
Ignite, Distrüster w Gwarku;Muzyka rozrywkowa;Gwarek, ul. Reymonta 17;19.06.2025, 19:30
Cat Power Sings Dylan w Studio;Muzyka rozrywkowa;Klub Studio, ul. Budryka 4;19.06.2025, 20:00
FestivALT 2025;Festiwale;;20.06.2025 - 29.06.2025
Jedwabnym szlakiem;Muzyka klasyczna;Filharmonia Krakowska, ul. Zwierzyniecka 1;20.06.2025, 10:00
EtnoKraków / Rozstaje 2025;Festiwale;Strefa Nowa, ul. Kopernika 19;20.06.2025 - 28.06.2025
Ekipa Festiwal 2025;Pozostałe;TAURON Arena Kraków, ul. Lema 7;20.06.2025 - 21.06.2025
Paw królowej;Spektakle teatralne;Narodowy Stary Teatr im. Heleny Modrzejewskiej, ul. Jagiellońska 1;20.06.2025, 19:00
Akt równoległy;Spektakle teatralne;Teatr Ludowy, os. Teatralne 34;20.06.2025, 19:00
Frida;Spektakle teatralne;Teatr Współczesny, ul. Starowiślna 21;20.06.2025, 19:00
Kwadrat;Spektakle teatralne;Narodowy Stary Teatr – Scena Kameralna, ul. Starowiślna 21;20.06.2025, 19:00
Pozycje terapeutyczne;Spektakle teatralne;Teatr Praska 52, ul. Praska 52;20.06.2025, 19:00
Bagatela śpiewa;Inne przedstawienia;Teatr Bagatela im. Tadeusza Boya-Żeleńskiego, ul. Karmelicka 6;20.06.2025, 19:15
Wianki w Krakowie 2025;Festiwale;Plac Wielkiej Armii Napoleona;20.06.2025 - 22.06.2025
Sinfonietta Cracovia: Late Night Symphony Kraków;Muzyka klasyczna;Muzeum Inżynierii i Techniki, ul. św. Wawrzyńca 15;20.06.2025, 21:00
Aktywne czytanie w MOCAK-u | Do lat 6;Dziecięce różności;MOCAK Muzeum Sztuki Współczesnej, ul. Lipowa 4;21.06.2025
XXIII Podgórskie Wschody Słońca;Widowiska plenerowe i happeningi;Kopiec Krakusa, al. Powstańców Śląskich / ul. Wielicka;21.06.2025, 04:00-05:00
Śpiewoterapia;Kabaret;Teatr Szczęście, os. Zielone 9;21.06.2025, 17:00
Cnoty niewieście albo dziwki w majonezie wg „Szewców” Witkacego;Spektakle teatralne;Krakowski Teatr Scena STU, al. Krasińskiego 16;21.06.2025, 19:00
Szczeliny istnienia;Spektakle teatralne;Teatr im. Juliusza Słowackiego – Scena Miniatura (Dom Machin), pl. Świętego Ducha 2;21.06.2025, 19:00
Saga rodu Szyców;Spektakle teatralne;Teatr Ludowy – Scena Pod Ratuszem, Rynek Główny 1;21.06.2025, 19:00
Rewia Latino;Spektakle taneczne;Teatr Cabaret w Krakowie, Krakowska 5, Kraków;21.06.2025, 19:00
Biuroza;Spektakle teatralne;Teatr Szczęście, os. Zielone 9;21.06.2025, 20:00
Magiczna Noc Kupały;Inne przedstawienia;Teatr Nowy Proxima, ul. Krakowska 41;21.06.2025, 21:00
Koncerty Espresso;Muzyka klasyczna;MuFo Rakowicka, ul. Rakowicka 22a;22.06.2025, 12:00
Pejzaże impresjonistów i postimpresjonistów;W gminach Metropolii;Małopolskie Centrum Dźwięku i Słowa, ul. Zamkowa 4, Niepołomice;22.06.2025, 13:30
Jutro będzie futro;Spektakle teatralne;Kino Kijów, al. Krasińskiego 34;22.06.2025, 15:30
Jazz w Ogrodzie: Frank Sinatra w wykonaniu Sławka Uniatowskiego;Muzyka rozrywkowa;Ogród Botaniczny, ul. Kopernika 27;22.06.2025, 17:00
Ławeczka;Spektakle teatralne;Teatr Praska 52, ul. Praska 52;22.06.2025, 18:00
Wieczory w Saskim;Muzyka klasyczna;Hotel Saski, ul. Sławkowska 3;22.06.2025, 18:00
Brzmienie baroku;Muzyka klasyczna;Fortepiano Atelier, ul. Kopernika 19 (wejście nr 2 / entrance No. 2);22.06.2025, 18:00
Granica kobiecości;Spektakle taneczne;Teatr Nowy Proxima, ul. Krakowska 41;22.06.2025, 19:15
Burlesque po polsku;Spektakle teatralne;Teatr Cabaret w Krakowie, Krakowska 5, Kraków;22.06.2025, 20:00
Miguel Angeles, Contact Sports, F3lix w Gwarku;Muzyka rozrywkowa;Gwarek, ul. Reymonta 17;22.06.2025, 20:00
Król i błazen oraz inne opowieści;Spektakle teatralne;Teatr KTO, ul. Zamoyskiego 50;23.06.2025, 09:15
Ballada o roztrzepanym rycerzu i biedronce;Festiwale teatralne;Teatr KTO, ul. Zamoyskiego 50;23.06.2025, 10:30
Zapiski Oficera Armii Czerwonej;Spektakle teatralne;Teatr Bagatela im. Tadeusza Boya-Żeleńskiego, ul. Karmelicka 6;23.06.2025, 18:00
Pitbull: Party After Dark w Tauron Arenie Kraków;Muzyka rozrywkowa;TAURON Arena Kraków, ul. Lema 7;23.06.2025, 18:00
Symfonia sobótkowej nocy;Muzyka rozrywkowa;Nowohuckie Centrum Kultury, al. Jana Pawła II 232;23.06.2025, 19:00
Projekt 51. Premiera książki;Spotkania i wykłady literackie;Lokator, ul. Mostowa 1;23.06.2025, 19:00
King Hannah w Gwarku;Muzyka rozrywkowa;Gwarek, ul. Reymonta 17;23.06.2025, 19:30
Szewcy;Spektakle teatralne;Narodowy Stary Teatr im. Heleny Modrzejewskiej, ul. Jagiellońska 1;24.06.2025, 19:00
Nasze żony;Spektakle teatralne;Krakowski Teatr Scena STU, al. Krasińskiego 16;24.06.2025, 19:00
Ryzykowna forsa;Spektakle teatralne;Teatr Bagatela im. Tadeusza Boya-Żeleńskiego, ul. Karmelicka 6;24.06.2025, 19:15
Podgórski Klub Filmowy;Pokazy filmowe;Klub Płaszów, ul. Gumniska 32;25.06.2025, 11:00
34. Festiwal Kultury Żydowskiej;Festiwale;Centrum Społeczności Żydowskiej, ul. Miodowa 24;25.06.2025 - 29.06.2025
Piosenka jest dobra na wszystko;Inne przedstawienia;Teatr Cabaret w Krakowie, Krakowska 5, Kraków;25.06.2025, 18:00
Ugly Kid Joe w Kwadracie;Muzyka rozrywkowa;Kwadrat, ul. Skarżyńskiego 1;25.06.2025, 18:00
Salome;Spektakle teatralne;Narodowy Stary Teatr – Scena Kameralna, ul. Starowiślna 21;25.06.2025, 19:00
The Dead Daisies, The Treatment w Hype Parku;Muzyka rozrywkowa;Hype Park / Kamienna12, ul. Kamienna 12;25.06.2025, 19:00
Strzała Amora – komediowy spektakl teatralny;Inne przedstawienia;Teatr Figur Kraków, ul. Sławkowska 14;25.06.2025, 20:00
Pochód Lajkonika 2025;Widowiska plenerowe i happeningi;Rynek Główny;26.06.2025, 12:30-21:30
Krakowski Czwartek Kryminalny. Spotkanie z Wojciechem Wolnickim;Spotkania i wykłady literackie;Arteteka Wojewódzkiej Biblioteki Publicznej, ul. Rajska 12;26.06.2025, 18:00
Magiczna rana;Spektakle teatralne;Małopolski Ogród Sztuki, ul. Rajska 12;26.06.2025, 19:00
Proszę zejść ze sceny;Spektakle teatralne;Krakowski Teatr Scena STU, al. Krasińskiego 16;26.06.2025, 19:00
Akademia Filmu Polskiego Łukasza Maciejewskiego. Dalej jazda;Pokazy filmowe;Teatr Łaźnia Nowa, os. Szkolne 25;26.06.2025, 19:00
Podróż do Buenos Aires;W gminach Metropolii;Pałacyk „Sokół”, ul. Mickiewicza 7, Skawina;26.06.2025, 20:00
14. Krakowski Festiwal Komiksu;Festiwale;Klub Studio, ul. Budryka 4;27.06.2025 - 29.06.2025
Europejskie Kino na Bulwarach;Festiwale i przeglądy filmowe;;27.06.2025 - 29.06.2025
Pod Baobabem Festival 2025;Festiwale;Klub Płaszów, ul. Gumniska 32;27.06.2025 - 29.06.2025
Książka i kawa. Spotkanie dla miłośników książek;Inne wydarzenia literackie;Pedagogiczna Biblioteka Wojewódzka im. H. Kołłątaja, al. Focha 39, Kraków;27.06.2025, 17:00
Pretty Woman – The Musical;Spektakle teatralne;Krakowski Teatr Variété, ul. Grzegórzecka 71;27.06.2025, 19:00
Pani Bovary. Możliwa Historia;Spektakle teatralne;Teatr im. Juliusza Słowackiego – Scena Miniatura (Dom Machin), pl. Świętego Ducha 2;27.06.2025, 19:00
Bioland;Spektakle teatralne;Teatr Łaźnia Nowa, os. Szkolne 25;27.06.2025, 19:00
Seks po krakosku;Spektakle teatralne;Teatr Współczesny, ul. Starowiślna 21;27.06.2025, 19:00
Niedźwiedź i Oświadczyny;Spektakle teatralne;Teatr Praska 52, ul. Praska 52;27.06.2025, 19:00
Tramwaj zwany pożądaniem;Spektakle teatralne;Teatr Ludowy – Scena Pod Ratuszem, Rynek Główny 1;27.06.2025, 19:00
Testosteron;Spektakle teatralne;Teatr Bagatela im. Tadeusza Boya-Żeleńskiego, ul. Karmelicka 6;27.06.2025, 19:15
Japi;Spektakle taneczne;Teatr Nowy Proxima, ul. Krakowska 41;27.06.2025, 19:15
Sen nocy letniej;Spektakle teatralne;Narodowy Stary Teatr im. Heleny Modrzejewskiej, ul. Jagiellońska 1;27.06.2025, 19:30
Czy ja muszę to pamiętać. Hamlet;Spektakle teatralne;sztuka na wynos, ul. Starowiślna 55/6;27.06.2025, 19:30
Filharmonia Krakowska: koncert hiszpański;Muzyka klasyczna;Filharmonia Krakowska, ul. Zwierzyniecka 1;27.06.2025, 19:30
OdLOT w szpilkach;Inne przedstawienia;TAURON Arena Kraków, ul. Lema 7;27.06.2025, 20:00
W trawie. Laboratorium sensoryczne;Spektakle teatralne;Teatr Groteska, ul. Skarbowa 2;28.06.2025, 13:00
Teatr Groteska: Kot w butach;Spektakle teatralne;Teatr Groteska, ul. Skarbowa 2;28.06.2025, 16:00
Dwoje na zakręcie;Spektakle teatralne;Kino Kijów, al. Krasińskiego 34;28.06.2025, 16:00
21. Dni Gminy Wielka Wieś;W gminach Metropolii;Gminny Ośrodek Kultury i Sportu w Białym Kościele , Królowej Jadwigi 4, Biały Kościół;28.06.2025, 16:00 - 29.06.2025
Myślnik. Sezon 4. Spotkanie 10.;Spotkania i slajdowiska;Małopolski Ogród Sztuki, ul. Rajska 12;28.06.2025, 17:00
Leopold;Spektakle teatralne;Krakowski Teatr Scena STU, al. Krasińskiego 16;28.06.2025, 19:00
Strasznie śmieszne...;Spektakle teatralne;Narodowy Stary Teatr – Scena Kameralna, ul. Starowiślna 21;28.06.2025, 19:00
Steve von Till, Greet w Hype Parku;Muzyka rozrywkowa;Hype Park / Kamienna12, ul. Kamienna 12;28.06.2025, 19:00
Jazz w Ogrodzie: Alfa Mist;Muzyka rozrywkowa;Ogród Botaniczny, ul. Kopernika 27;28.06.2025, 20:30
Festiwal Miłosza 2025;Festiwale;Pałac Potockich, Rynek Główny 20;29.06.2025 - 06.07.2025
Koncerty u św. Marcina;Muzyka klasyczna;Kościół św. Marcina, ul. Grodzka 58;29.06.2025, 17:00
Sinfonietka z piosenką;Muzyka klasyczna;Nowohuckie Centrum Kultury, al. Jana Pawła II 232;29.06.2025, 18:00
Sólstafir w Hype Parku;Muzyka rozrywkowa;Hype Park / Kamienna12, ul. Kamienna 12;29.06.2025, 19:30
Jazz w Ogrodzie: Anna Maria Jopek;Muzyka rozrywkowa;Ogród Botaniczny, ul. Kopernika 27;29.06.2025, 20:00
Sextile w Gwarku;Muzyka rozrywkowa;Gwarek, ul. Reymonta 17;30.06.2025, 19:30
Godzinki, czyli od świtu do nocy;Spektakle teatralne;Ogród Muzeum Archeologicznego, ul. Poselska 3;30.06.2025, 20:00
30. Summer Jazz Festival Kraków;Festiwale;Kino Kijów, al. Krasińskiego 34;30.06.2025 - 07.09.2025
Nie budźcie mnie;Spektakle teatralne;sztuka na wynos, ul. Starowiślna 55/6;02.07.2025, 19:30
Stuhralia;Festiwale;Akademia Sztuk Pięknych w Krakowie, pl. Matejki 13;03.07.2025 - 06.07.2025
Krakowski Czwartek Kryminalny. Spotkanie z Andrzejem Chytkowskim;Spotkania i wykłady literackie;Arteteka Wojewódzkiej Biblioteki Publicznej, ul. Rajska 12;03.07.2025, 18:00
Lepper. Będziemy wisieć albo siedzieć;Spektakle teatralne;Małopolski Ogród Sztuki, ul. Rajska 12;03.07.2025, 19:00
Morrissey w Tauron Arenie Kraków;Muzyka rozrywkowa;TAURON Arena Kraków, ul. Lema 7;03.07.2025, 20:30
38. ULICA Festival;Festiwale;Rynek Główny;04.07.2025 - 06.07.2025
Santander Letnie Brzmienia 2025;Festiwale muzyczne;Muzeum Lotnictwa Polskiego, al. Jana Pawła II 39;04.07.2025, 17:00 - 05.07.2025
Il Divo w Tauron Arenie Kraków;Muzyka klasyczna;TAURON Arena Kraków, ul. Lema 7;04.07.2025, 19:00
Pokaz iluzji dla całej rodziny;Inne przedstawienia;Centrum Kultury im. św. Jadwigi, ul. Łokietka 60;04.07.2025, 19:15
Każdy ratuje jednego;Spektakle teatralne;sztuka na wynos, ul. Starowiślna 55/6;04.07.2025, 19:30
Puchar Świata we wspinaczce sportowej na czas;Wydarzenia sportowe;Rynek Główny;05.07.2025 - 06.07.2025
Że co, ja nie dam rady? – komediowe show improwizowane;Inne przedstawienia;Buda, ul. Czapskich 2;05.07.2025, 17:00
Miś Tymoteusz;Spektakle teatralne;Teatr Groteska, ul. Skarbowa 2;06.07.2025, 11:00
Jazz w Ogrodzie: Judith Hill;Muzyka rozrywkowa;Ogród Botaniczny, ul. Kopernika 27;06.07.2025, 17:30
Koncert w ciemności: muzyczna podróż;Muzyka rozrywkowa;Piwnica pod Złotą Pipą, ul. Floriańska 30;06.07.2025, 18:00
Dziś umarł Prokofiew;Spektakle teatralne;Ogród Muzeum Archeologicznego, ul. Poselska 3;07.07.2025, 20:00
Jazz w Ogrodzie: Joe Lovano & Marcin Wasilewski Trio;Muzyka rozrywkowa;Ogród Botaniczny, ul. Kopernika 27;09.07.2025, 20:30
Jazz w Ogrodzie: Till Brönner Quartet;Muzyka rozrywkowa;Ogród Botaniczny, ul. Kopernika 27;10.07.2025, 17:00
Postrzał;Spektakle teatralne;sztuka na wynos, ul. Starowiślna 55/6;10.07.2025, 19:30
Festiwal Kultury Dalekowschodniej Ryucon 2025;Festiwale;TAURON Arena Kraków, ul. Lema 7;11.07.2025 - 13.07.2025
Jazz w Ogrodzie: Nino Katamadze;Muzyka rozrywkowa;Ogród Botaniczny, ul. Kopernika 27;11.07.2025, 20:30
Nie płacz, Koziołku;Spektakle teatralne;Teatr Groteska, ul. Skarbowa 2;12.07.2025, 16:00
Jazz w Ogrodzie: Ben l'Oncle Soul;Muzyka rozrywkowa;Ogród Botaniczny, ul. Kopernika 27;12.07.2025, 20:00
Dobrze się kłamie;Spektakle teatralne;Centrum Kongresowe ICE Kraków, ul. Konopnickiej 17;13.07.2025, 16:00
Jazz w Ogrodzie: Lars Danielsson;Muzyka rozrywkowa;Ogród Botaniczny, ul. Kopernika 27;13.07.2025, 20:00
XV Krakowskie Miniatury Teatralne;Festiwale teatralne;Nowohuckie Centrum Kultury, al. Jana Pawła II 232;14.07.2025 - 20.07.2025
Manelle;Spektakle teatralne;Ogród Muzeum Archeologicznego, ul. Poselska 3;14.07.2025, 20:00
Ambroży Grabowski, czyli wszystko co chcecie wiedzieć o Krakowie, ale se nie wyguglacie;Spektakle teatralne;Teatr Bagatela im. Tadeusza Boya-Żeleńskiego, ul. Karmelicka 6;17.07.2025, 19:15
Jazz w Ogrodzie: Fabrizio Paterlini;Muzyka rozrywkowa;Ogród Botaniczny, ul. Kopernika 27;18.07.2025, 20:30
26. Festiwal Tańców Dworskich „Cracovia Danza”;Festiwale;Rynek Główny;19.07.2025 - 27.07.2025
Mumerus. Koncert;Spektakle teatralne;Ogród Muzeum Archeologicznego, ul. Poselska 3;19.07.2025, 20:00
Jazz w Ogrodzie: Ledisi;Muzyka rozrywkowa;Ogród Botaniczny, ul. Kopernika 27;19.07.2025, 20:00
Jazz w Ogrodzie: James Carter Organ Trio;Muzyka rozrywkowa;Ogród Botaniczny, ul. Kopernika 27;20.07.2025, 20:00
Proces. Spektakl muzyczny;Spektakle teatralne;Teatr Bagatela im. Tadeusza Boya-Żeleńskiego, ul. Karmelicka 6;24.07.2025, 19:15
Zorza 2025;Festiwale;TAURON Arena Kraków, ul. Lema 7;25.07.2025 - 26.07.2025
Pikantni;Spektakle teatralne;Teatr im. Juliusza Słowackiego, pl. Świętego Ducha 1;25.07.2025, 17:15
Młyn Trail Michałowice 2025;W gminach Metropolii;Stadion KS Michałowianka, ul. Akacjowa, Michałowice;26.07.2025, 07:30
Goło i wesoło;Inne przedstawienia;Kino Kijów, al. Krasińskiego 34;26.07.2025, 15:00
Bryan Adams: Roll with the Punches w Tauron Arenie Kraków;Muzyka rozrywkowa;TAURON Arena Kraków, ul. Lema 7;31.07.2025, 20:00
Delehei: Nomadic Soul Music w Strefie;Muzyka rozrywkowa;Strefa Nowa, ul. Kopernika 19;01.08.2025, 20:00
The Real McKenzies w Hype Parku;Muzyka rozrywkowa;Hype Park / Kamienna12, ul. Kamienna 12;03.08.2025, 19:00
Drowning Pool, Liliac, Serpents w Hype Parku;Muzyka rozrywkowa;Hype Park / Kamienna12, ul. Kamienna 12;04.08.2025, 19:30
Wayfarer, Inter Arma w Gwarku;Muzyka rozrywkowa;Gwarek, ul. Reymonta 17;04.08.2025, 20:00
Shawn Mendes: On the Road Again w Tauron Arenie Kraków;Muzyka rozrywkowa;TAURON Arena Kraków, ul. Lema 7;05.08.2025, 19:00
Mayday odNowa;Spektakle teatralne;Teatr Bagatela im. Tadeusza Boya-Żeleńskiego, ul. Karmelicka 6;07.08.2025, 19:15
Męskie Granie 2025;Festiwale;Muzeum Lotnictwa Polskiego, al. Jana Pawła II 39;08.08.2025 - 09.08.2025
Palaye Royale w Studio;Muzyka rozrywkowa;Klub Studio, ul. Budryka 4;08.08.2025, 18:00
Defeated Sanity: Chronicles of Lunacy w Gwarku;Muzyka rozrywkowa;Gwarek, ul. Reymonta 17;08.08.2025, 20:00
The Browning, Polar, The Defect w Zaścianku;Muzyka rozrywkowa;Zaścianek, ul. Rostafińskiego 4;09.08.2025, 19:00
8. BNP Paribas Green Film Festival;Festiwale;Bulwary Wiślane;11.08.2025 - 17.08.2025
Warmduscher: Too Cold to Tour w Hype Parku;Muzyka rozrywkowa;Hype Park / Kamienna12, ul. Kamienna 12;11.08.2025, 19:30
Suffocation, Angelmaker, Warbringer, Skeletal Remains w Hype Parku;Muzyka rozrywkowa;Hype Park / Kamienna12, ul. Kamienna 12;13.08.2025, 19:00
Panzerfaust, Afsky w Gwarku;Muzyka rozrywkowa;Gwarek, ul. Reymonta 17;18.08.2025, 19:00
Gojira w Tauron Arenie Kraków;Muzyka rozrywkowa;TAURON Arena Kraków, ul. Lema 7;19.08.2025, 19:00
Słownik Ptaszków Polskich;Spektakle teatralne;Teatr Bagatela im. Tadeusza Boya-Żeleńskiego, ul. Karmelicka 6;21.08.2025, 18:00
Kogut w rosole;Spektakle teatralne;Kino Kijów, al. Krasińskiego 34;23.08.2025, 16:00
Rockowizna Festiwal 2025;Festiwale muzyczne;Muzeum Lotnictwa Polskiego, al. Jana Pawła II 39;29.08.2025 - 30.08.2025
XXII Memoriał Huberta Jerzego Wagnera;Wydarzenia sportowe;TAURON Arena Kraków, ul. Lema 7;29.08.2025 - 31.08.2025
Bryan Bielanski w Pubie Pod Ziemią;Muzyka rozrywkowa;Pub Pod Ziemią, ul. Miodowa 43;31.08.2025, 20:00
Die Krupps w Hype Parku;Muzyka rozrywkowa;Hype Park / Kamienna12, ul. Kamienna 12;03.09.2025, 19:30
Mała Armia Janosika: Jubileusz X-lecia w Tauron Arenie Kraków;Muzyka rozrywkowa;TAURON Arena Kraków, ul. Lema 7;06.09.2025, 17:00
Marsz Jamników 2025;Widowiska plenerowe i happeningi;Pomnik Psa Dżoka, Bulwar Czerwieński;07.09.2025
Kalyani. The Musical;Spektakle taneczne;Krakowski Teatr Variété, ul. Grzegórzecka 71;07.09.2025, 15:30
Szalone nożyczki – czyli kto zabił;Spektakle teatralne;Kino Kijów, al. Krasińskiego 34;07.09.2025, 15:30
Glenn Hughes: The Chosen Years w Studio;Muzyka rozrywkowa;Klub Studio, ul. Budryka 4;08.09.2025, 19:30
Robbie Williams w Tauron Arenie Kraków;Muzyka rozrywkowa;TAURON Arena Kraków, ul. Lema 7;09.09.2025, 18:00
Paradox Pokoleń;Pokazy filmowe;Kino Paradox, ul. Krupnicza 38;11.09.2025
Sprzedawcy gumek;Spektakle teatralne;Krakowski Teatr Scena STU, al. Krasińskiego 16;11.09.2025, 19:00
Artur Andrus dla Teatru STU;Inne przedstawienia;Krakowski Teatr Scena STU, al. Krasińskiego 16;13.09.2025, 19:00
Avi Kaplan: Move Our Souls w Kwadracie;Muzyka rozrywkowa;Kwadrat, ul. Skarżyńskiego 1;14.09.2025, 18:00
Muzyka między wierszami. Spotkania autorskie;Spotkania i wykłady literackie;;16.09.2025, 17:30
L1NKN P4RK – The Linkin Park Experience w Kwadracie;Muzyka rozrywkowa;Kwadrat, ul. Skarżyńskiego 1;19.09.2025, 19:00
Turn Back the Time 2025 w Tauron Arenie Kraków;Muzyka rozrywkowa;TAURON Arena Kraków, ul. Lema 7;20.09.2025, 18:00
VI Międzynarodowy Jazzowy Konkurs Gitarowy im. Jarka Śmietany;Muzyka rozrywkowa;;20.09.2025, 20:00
NutkoSfera – CeZik dzieciom;Inne koncerty;Nowohuckie Centrum Kultury, al. Jana Pawła II 232;21.09.2025, 13:00
Vanden Plas w Zaścianku;Muzyka rozrywkowa;Zaścianek, ul. Rostafińskiego 4;22.09.2025, 20:00
Scott Bradlee’s Postmodern Jukebox w Studio;Muzyka rozrywkowa;Klub Studio, ul. Budryka 4;23.09.2025, 18:00
Kerala Dust: An Echo of Love w Studio;Muzyka rozrywkowa;Klub Studio, ul. Budryka 4;24.09.2025, 18:00
Nosowska & Rogucki: Światło i MRock;Muzyka rozrywkowa;TAURON Arena Kraków, ul. Lema 7;24.09.2025, 20:00
Klub mężusiów;Spektakle teatralne;Nowohuckie Centrum Kultury, al. Jana Pawła II 232;26.09.2025, 19:00
Night of the Jumps w Tauron Arenie Kraków;Wydarzenia sportowe;TAURON Arena Kraków, ul. Lema 7;27.09.2025, 17:00
Pink Turns Blue w Klubie Spotkań Poczta Główna;Muzyka rozrywkowa;Klub Spotkań Poczta Główna, ul. Westerplatte 20;27.09.2025, 19:00
Faun, Ye Banished Privateers w Studio;Muzyka rozrywkowa;Klub Studio, ul. Budryka 4;28.09.2025, 19:00
Czarna komedia;Spektakle teatralne;Krakowski Teatr Scena STU, al. Krasińskiego 16;30.09.2025, 19:00
The Materia: We Are Materia w Zaścianku;Muzyka rozrywkowa;Zaścianek, ul. Rostafińskiego 4;04.10.2025, 19:00
Wymyśliłem Ciebie w ICE Kraków;Muzyka rozrywkowa;Centrum Kongresowe ICE Kraków, ul. Konopnickiej 17;05.10.2025, 18:00
Unsound 2025: Web;Festiwale;;07.10.2025 - 12.10.2025
The Buttertones w Alchemii;Muzyka rozrywkowa;Alchemia, ul. Estery 5;08.10.2025, 18:00
Kadavar, Slomosa, Orb w Hype Parku;Muzyka rozrywkowa;Hype Park / Kamienna12, ul. Kamienna 12;09.10.2025, 19:00
Disturbed, Megadeth w Tauron Arenie Kraków;Muzyka rozrywkowa;TAURON Arena Kraków, ul. Lema 7;10.10.2025, 18:00
Damski biznes;Spektakle teatralne;Kino Kijów, al. Krasińskiego 34;11.10.2025, 16:00
Happysad: Druga prosta w Studio;Muzyka rozrywkowa;Klub Studio, ul. Budryka 4;11.10.2025, 19:00
Soul Blast, Snakebyte w Oliwa Pub;Muzyka rozrywkowa;Oliwa Pub, ul. Miodowa 14;11.10.2025, 20:00
Klimakterium... i już;Inne przedstawienia;Kino Kijów, al. Krasińskiego 34;12.10.2025, 15:00
Klimakterium 2, czyli menopauzy szał;Spektakle teatralne;Kino Kijów, al. Krasińskiego 34;12.10.2025, 18:15
32. Międzynarodowy Festiwal Filmowy Etiuda&Anima;Festiwale;Akademia Sztuk Pięknych w Krakowie, pl. Matejki 13;14.10.2025 - 19.10.2025
Eivør w Studio;Muzyka rozrywkowa;Klub Studio, ul. Budryka 4;14.10.2025, 20:00
Jools w Gwarku;Muzyka rozrywkowa;Gwarek, ul. Reymonta 17;16.10.2025, 20:00
61. Studencki Festiwal Piosenki w Krakowie;Festiwale;Nowohuckie Centrum Kultury, al. Jana Pawła II 232;16.10.2025 - 19.10.2025
Prezent urodzinowy;Inne przedstawienia;Kino Kijów, al. Krasińskiego 34;19.10.2025, 18:00
Sting 3.0 w Tauron Arenie Kraków;Muzyka rozrywkowa;TAURON Arena Kraków, ul. Lema 7;20.10.2025, 18:00
20-lecie Orkiestry Adama Sztaby w ICE Kraków;Muzyka rozrywkowa;Centrum Kongresowe ICE Kraków, ul. Konopnickiej 17;21.10.2025, 20:00
28. Międzynarodowe Targi Książki w Krakowie;Targi i kiermasze;EXPO Kraków, ul. Galicyjska 9;23.10.2025 - 26.10.2025
Dżem w Tauron Arenie Kraków;Muzyka rozrywkowa;TAURON Arena Kraków, ul. Lema 7;24.10.2025, 19:30
Optymiści czyli nasi w Egipcie;Kabaret;Kino Kijów, al. Krasińskiego 34;26.10.2025, 15:30
Pokolenie DNA;Kabaret;TAURON Arena Kraków, ul. Lema 7;26.10.2025, 18:00
Neo-Nówka: Pokolenie DNA w Tauron Arenie Kraków;Kabaret;TAURON Arena Kraków, ul. Lema 7;26.10.2025, 18:00
Wiktor Dyduła: Tak jak tutaj stoję w Fortach Kleparz;Muzyka rozrywkowa;Forty Kleparz, ul. Kamienna 2-4;26.10.2025, 18:00
25 Years of Kosheen w Kwadracie;Muzyka rozrywkowa;Kwadrat, ul. Skarżyńskiego 1;26.10.2025, 19:00
Katy Perry: The Lifetimes Tour w Tauron Arenie Kraków;Muzyka rozrywkowa;TAURON Arena Kraków, ul. Lema 7;28.10.2025, 18:00
Citizen Soldier w Hype Parku;Muzyka rozrywkowa;Hype Park / Kamienna12, ul. Kamienna 12;30.10.2025, 18:00
Patrycja Markowska: Obłęd w Studio;Muzyka rozrywkowa;Klub Studio, ul. Budryka 4;30.10.2025, 19:30
Lil Tracy w Kwadracie;Muzyka rozrywkowa;Kwadrat, ul. Skarżyńskiego 1;01.11.2025, 20:00
Candy Dulfer: Funkalicious w ICE Kraków;Muzyka rozrywkowa;Centrum Kongresowe ICE Kraków, ul. Konopnickiej 17;03.11.2025, 19:00
Simply Red: 40th Anniversary Tour w Tauron Arenie Kraków;Muzyka rozrywkowa;TAURON Arena Kraków, ul. Lema 7;04.11.2025, 18:00
Zalia: Serce w Kwadracie;Muzyka rozrywkowa;Kwadrat, ul. Skarżyńskiego 1;06.11.2025, 18:00
Ireneusz Krosny. The best off;Spektakle teatralne;Teatr Szczęście, os. Zielone 9;07.11.2025, 19:00
Stand-up Festival 2025 w Tauron Arenie Kraków;Inne przedstawienia;TAURON Arena Kraków, ul. Lema 7;07.11.2025, 20:00
Fejká w Klubie Spotkań Poczta Główna;Muzyka klubowa;Klub Spotkań Poczta Główna, ul. Westerplatte 20;08.11.2025, 18:00
Disco 80s w Tauron Arenie Kraków;Muzyka rozrywkowa;TAURON Arena Kraków, ul. Lema 7;08.11.2025, 19:00
To Kraków Tworzy Metamorfozy feat. Smolik w Tauron Arenie Kraków;Muzyka rozrywkowa;TAURON Arena Kraków, ul. Lema 7;10.11.2025, 20:00
Piotr Rubik: Świat się nie kończy w ICE Kraków;Muzyka rozrywkowa;Centrum Kongresowe ICE Kraków, ul. Konopnickiej 17;11.11.2025, 19:00
Michał Wiśniewski akustycznie w Studio;Muzyka rozrywkowa;Klub Studio, ul. Budryka 4;12.11.2025, 19:00
Mistrzostwa Europy Ninja 2025;Wydarzenia sportowe;Hala Cracovia, al. Focha 40;14.11.2025 - 16.11.2025
Następnego dnia rano;Spektakle teatralne;Kino Kijów, al. Krasińskiego 34;14.11.2025, 19:00
Anita Lipnicka: O miłości 2 w NCK;Muzyka rozrywkowa;Nowohuckie Centrum Kultury, al. Jana Pawła II 232;16.11.2025, 17:00
Hanabie w Kwadracie;Muzyka rozrywkowa;Kwadrat, ul. Skarżyńskiego 1;16.11.2025, 18:00
Rome: 20th Anniversary Tour w Zaścianku;Muzyka rozrywkowa;Zaścianek, ul. Rostafińskiego 4;16.11.2025, 20:00
Błażej Król: Popiół w Studio;Muzyka rozrywkowa;Klub Studio, ul. Budryka 4;16.11.2025, 20:00
Tom Odell: Wonderful Life w Tauron Arenie Kraków;Muzyka rozrywkowa;TAURON Arena Kraków, ul. Lema 7;17.11.2025, 18:00
Alessandra: The Queen Is Back w Kwadracie;Muzyka rozrywkowa;Kwadrat, ul. Skarżyńskiego 1;19.11.2025, 18:00
Big Time Rush: In Real Life Worldwide w Tauron Arenie Kraków;Muzyka rozrywkowa;TAURON Arena Kraków, ul. Lema 7;20.11.2025, 18:00
Mata: Tour 2040 w Tauron Arenie Kraków;Muzyka rozrywkowa;TAURON Arena Kraków, ul. Lema 7;21.11.2025, 19:30
Polish Priest: Tribute to Judas Priest w Gwarku;Muzyka rozrywkowa;Gwarek, ul. Reymonta 17;21.11.2025, 20:00
Sabaton: The Legendary Tour w Tauron Arenie Kraków;Muzyka rozrywkowa;TAURON Arena Kraków, ul. Lema 7;22.11.2025, 19:00
Electric Callboy, Bury Tomorrow, Wargasm w Tauron Arenie Kraków;Muzyka rozrywkowa;TAURON Arena Kraków, ul. Lema 7;23.11.2025, 19:00
Enej: Trasa z napisem LOVE w Fortach Kleparz;Muzyka rozrywkowa;Forty Kleparz, ul. Kamienna 2-4;23.11.2025, 20:30
Joker Out w Studio;Muzyka rozrywkowa;Klub Studio, ul. Budryka 4;24.11.2025, 20:00
Mono: Oath w Kwadracie;Muzyka rozrywkowa;Kwadrat, ul. Skarżyńskiego 1;27.11.2025, 19:30
SBB w Studio;Muzyka rozrywkowa;Klub Studio, ul. Budryka 4;29.11.2025, 20:00
Boris Brejcha: Reflections w Tauron Arenie Kraków;Muzyka klubowa;TAURON Arena Kraków, ul. Lema 7;29.11.2025, 23:00
Wojtek Szumański w Studio;Muzyka rozrywkowa;Klub Studio, ul. Budryka 4;30.11.2025, 19:00
Brel! Le spectacle w ICE Kraków;Muzyka rozrywkowa;Centrum Kongresowe ICE Kraków, ul. Konopnickiej 17;01.12.2025, 19:00
Till Lindemann: Meine Welt w Tauron Arenie Kraków;Muzyka rozrywkowa;TAURON Arena Kraków, ul. Lema 7;01.12.2025, 20:00
Annisokay w Hype Parku;Muzyka rozrywkowa;Hype Park / Kamienna12, ul. Kamienna 12;04.12.2025, 19:30
Jethro Tull: The Seven Decades w ICE Kraków;Muzyka rozrywkowa;Centrum Kongresowe ICE Kraków, ul. Konopnickiej 17;05.12.2025, 20:00
NutkoSfera - CeZik Dzieciom;W gminach Metropolii;Hala Widowiskowo-Sportowa w Skawinie, ul. Konstytucji 3 Maja 4, Skawina;07.12.2025, 16:00
Magic Christmas Concert w Tauron Arenie Kraków;Muzyka rozrywkowa;TAURON Arena Kraków, ul. Lema 7;10.12.2025, 19:00
Igor Herbut Solo Act w ICE Kraków;Muzyka rozrywkowa;Centrum Kongresowe ICE Kraków, ul. Konopnickiej 17;12.12.2025, 19:00
Noga Erez w Kwadracie;Muzyka rozrywkowa;Kwadrat, ul. Skarżyńskiego 1;12.12.2025, 20:00
Sylwia Grzeszczak: Było sobie marzenie w Tauron Arenie Kraków;Muzyka rozrywkowa;TAURON Arena Kraków, ul. Lema 7;19.12.2025, 19:00
KSU: Idź pod prąd II w Studio;Muzyka rozrywkowa;Klub Studio, ul. Budryka 4;20.12.2025, 19:00
Havasi w Tauron Arenie Kraków;Muzyka rozrywkowa;TAURON Arena Kraków, ul. Lema 7;20.12.2025, 19:30
Gaming Concert w Tauron Arenie Kraków;Muzyka rozrywkowa;TAURON Arena Kraków, ul. Lema 7;21.12.2025, 18:00
SYML w Kwadracie;Muzyka rozrywkowa;Kwadrat, ul. Skarżyńskiego 1;03.02.2026, 20:00
Intel Extreme Masters 2026 w Tauron Arenie Kraków;Pozostałe;TAURON Arena Kraków, ul. Lema 7;06.02.2026 - 08.02.2026
Nanowar Of Steel, Uuhai: Motocultor Across Europe w Studio;Muzyka rozrywkowa;Klub Studio, ul. Budryka 4;06.02.2026, 19:00
Ostre cięcie. Paranienormalni;W gminach Metropolii;Hala Widowiskowo-Sportowa w Skawinie, ul. Konstytucji 3 Maja 4, Skawina;15.02.2026, 17:00
Omnium Gatherum, Fallujah, In Mourning w Hype Parku;Muzyka rozrywkowa;Hype Park / Kamienna12, ul. Kamienna 12;15.02.2026, 19:00
The Magic of Disco w Tauron Arenie Kraków;Muzyka rozrywkowa;TAURON Arena Kraków, ul. Lema 7;21.02.2026, 18:00
Hans Zimmer: The Next Level w Tauron Arenie Kraków;Muzyka rozrywkowa;TAURON Arena Kraków, ul. Lema 7;15.03.2026, 19:30
Kora ∞ Małe wolności w Tauron Arenie Kraków;Muzyka rozrywkowa;TAURON Arena Kraków, ul. Lema 7;09.04.2026, 20:00
André Rieu i Johann Strauss Orchestra w Tauron Arenie Kraków;Muzyka rozrywkowa;TAURON Arena Kraków, ul. Lema 7;09.05.2026, 19:30
Spirala zbrodni. Krakowianie na afiszach śmierci;Wystawy czasowe;Fabryka Emalia Oskara Schindlera, ul. Lipowa 4;25.05.2024 - 01.06.2025
Gosia Baczyńska. Pokaz z kolekcji MNK;Wystawy czasowe;Kamienica Szołayskich im. Feliksa Jasieńskiego, pl. Szczepański 9;13.09.2024 - 08.06.2025
Wielcy współcześni. Dar Teresy i Andrzeja Starmachów;Wystawy stałe;MOCAK Muzeum Sztuki Współczesnej, ul. Lipowa 4;Wydarzenie stałe
Od wielkiego dzwonu. Świętowanie w Krakowie;Wystawy czasowe;Dom pod Krzyżem / Centrum Interpretacji Niematerialnego Dziedzictwa Krakowa, ul. Szpitalna 21;07.11.2024 - 14.09.2025
KEF to zabawa!;Wystawy stałe;Żydowskie Muzeum Galicja, ul. Dajwór 18;Wydarzenie stałe
Teściowa i Synowa. Dwie księżne Czartoryskie;Wystawy czasowe;Muzeum Książąt Czartoryskich, ul. Pijarska 15;17.12.2024 - 15.06.2025
Wystawa archeologiczna w Muzeum Żup Krakowskich Wieliczka;W gminach Metropolii;Muzeum Żup Krakowskich Wieliczka, ul. Zamkowa 8, Wieliczka;Wydarzenie stałe
Sala gotycka;W gminach Metropolii;Muzeum Żup Krakowskich Wieliczka, ul. Zamkowa 8, Wieliczka;Wydarzenie stałe
Kasa pancerna i inne skarby;W gminach Metropolii;Muzeum Żup Krakowskich Wieliczka, ul. Zamkowa 8, Wieliczka;Wydarzenie stałe
Trasa Turystyczna Kopalni Soli „Wieliczka”;W gminach Metropolii;Kopalnia Soli „Wieliczka”, ul. Daniłowicza 10, Wieliczka;Wydarzenie stałe
Ekspozycja podziemna Żup Krakowskich Wieliczka;W gminach Metropolii;Muzeum Żup Krakowskich w Wieliczce – Ekspozycja podziemna, ul. Daniłowicza 10, Wieliczka;Wydarzenie stałe
Izba Pamięci Rodu Hallerów;W gminach Metropolii;;Wydarzenie stałe
Skarby Niepołomickiej Parafii;W gminach Metropolii;Zamek Królewski w Niepołomicach, ul. Zamkowa 2, Niepołomice;Wydarzenie stałe
Gabinet Włodzimierza Puchalskiego;W gminach Metropolii;Zamek Królewski w Niepołomicach, ul. Zamkowa 2, Niepołomice;Wydarzenie stałe
Niepołomice. Miasto, czas i ludzie;W gminach Metropolii;Zamek Królewski w Niepołomicach, ul. Zamkowa 2, Niepołomice;Wydarzenie stałe
Sale Łowieckie;W gminach Metropolii;Zamek Królewski w Niepołomicach, ul. Zamkowa 2, Niepołomice;Wydarzenie stałe
Wystawa regionalna w Skawinie;W gminach Metropolii;Muzeum Regionalne w Skawinie, Mickiewicza 26, Skawina;Wydarzenie stałe
Wystawa biograficzna w Muzeum św. Brata Alberta Chmielowskiego;W gminach Metropolii;Muzeum św. Brata Alberta, Igołomia 32, Igołomia;Wydarzenie stałe
Izba Regionalna w Krzęcinie;W gminach Metropolii;Izba Regionalna w Krzęcinie, Krzęcin 47, Krzęcin;Wydarzenie stałe
Izba Regionalna w Jaśkowicach;W gminach Metropolii;Izba Regionalna w Jaśkowicach, Szkolna 4, Radziszów;Wydarzenie stałe
Izba Regionalna w Woli Radziszowskiej;W gminach Metropolii;Izba Regionalna w Woli Radziszowskiej, Wola Radziszowska 590, Wola Radziszowska;Wydarzenie stałe
Osobno, ale razem;Wystawy czasowe;Muzeum Podgórza, ul. Limanowskiego 51;20.02.2025 - 04.01.2026
Janusz Tarabuła. Pamięć;Wystawy czasowe;Gmach Główny, al. 3 Maja 1;21.02.2025 - 10.08.2025
(Nie)Umarła klasa;Wystawy czasowe;Cricoteka Ośrodek Dokumentacji Sztuki Tadeusza Kantora, ul. Nadwiślańska 2;26.02.2025, 18:00 - 21.12.2025
Dani Karavan. Napięcia fantomowe;Wystawy czasowe;Cricoteka Ośrodek Dokumentacji Sztuki Tadeusza Kantora, ul. Nadwiślańska 2;26.02.2025 - 21.12.2025
Frida Immersive;Wystawy czasowe;Muzeum Inżynierii i Techniki  – Hangar Czyżyny, os. 2 Pułku Lotniczego 26a;08.03.2025 - 22.06.2025
Sztuka Rumunii z kolekcji Ovidiu Șandora;Wystawy czasowe;Międzynarodowe Centrum Kultury, Rynek Główny 25;08.03.2025 - 20.07.2025
Najwłaściwsza pozycja;Wystawy czasowe;Cricoteka – Galeria-Pracownia Tadeusza Kantora, ul. Sienna 7/5;10.03.2025, 17:00 - 31.05.2025
Cunctis patet ingressus. Zbiory Anny i Pawła Maciukiewiczów;W gminach Metropolii;Muzeum Żup Krakowskich Wieliczka, ul. Zamkowa 8, Wieliczka;14.03.2025 - 08.06.2025
Radosława Burdza i Magdalena Kut. Rejestracje obrazów;Wystawy czasowe;Klub Aktora SPATiF, Rynek Główny 41;22.03.2025 - 30.06.2025
Wystawa stała o gen. Emilu Fieldorfie „Nilu”;Wystawy stałe;Muzeum Armii Krajowej, ul. Wita Stwosza 12;25.03.2025, 12:00 - 31.03.2031
Elegie. Łukasz Stokłosa. Malarstwo;Wystawy czasowe;Zamek Królewski na Wawelu, Wawel 5;29.03.2025 - 29.06.2025
Jerzy Jędrys. Stary Sącz;Wystawy czasowe;Wojewódzka Biblioteka Publiczna, ul. Rajska 1;03.04.2025 - 09.06.2025
Translokacje świątyń w Polsce;Wystawy czasowe;Dom Esterki, Muzeum Etnograficzne, ul. Krakowska 46;05.04.2025 - 29.06.2025
Art Klub. Wystawa;W gminach Metropolii;Wielickie Cetrum Kultury, Rynek Górny 6, Wieliczka;05.04.2025 - 31.05.2025
Sandra Gamboa. W kapsułkach;Wystawy czasowe;Instytut Cervantesa w Krakowie, ul. Kanonicza 12;10.04.2025, 18:00 - 29.08.2025
Harry Potter: The Exhibition;W gminach Metropolii;;11.04.2025 - 17.08.2025
Wystawa XI Konkursu Drzewek Emausowych;Pozostałe;Pałac Krzysztofory, Rynek Główny 35;13.04.2025, 14:00 - 01.06.2025
Na szlaku Tysiąclecia. Chrobry I i II w Powstaniu Warszawskim;Wystawy czasowe;Muzeum Armii Krajowej, ul. Wita Stwosza 12;15.04.2025 - 15.06.2025
Festiwal Sztuki Trójmorza 2025;Festiwale;;24.04.2025 - 31.08.2025
Abakanowicz. Bez reguł;Wystawy czasowe;Ogrody królewskie, Wawel 5;24.04.2025 - 30.09.2025
Nostalgia. Poszukiwacze gasnących gwiazd;Wystawy czasowe;MOCAK Muzeum Sztuki Współczesnej, ul. Lipowa 4;24.04.2025, 18:00 - 14.09.2025
Dorota Mytych. Z tyłu głowy;Wystawy czasowe;MOCAK Muzeum Sztuki Współczesnej, ul. Lipowa 4;24.04.2025, 18:00 - 14.09.2025
Fabian Knecht. Linia największego oporu;Wystawy czasowe;MOCAK Muzeum Sztuki Współczesnej, ul. Lipowa 4;24.04.2025, 18:00 - 07.09.2025
Andrzej Żygadło. Pełnia;Wystawy czasowe;MOCAK Muzeum Sztuki Współczesnej, ul. Lipowa 4;24.04.2025, 18:00 - 07.09.2025
Krzysztof Marchlak. Sleeping Beauty;Wystawy czasowe;MOCAK Muzeum Sztuki Współczesnej, ul. Lipowa 4;24.04.2025, 18:00 - 07.09.2025
Lucyna Cwiach. Buntowniczki;Wystawy czasowe;Nowohuckie Centrum Kultury, al. Jana Pawła II 232;25.04.2025, 18:00 - 18.06.2025
Kruche obrazy / Fragile Images;Wystawy czasowe;Dom Esterki, Muzeum Etnograficzne, ul. Krakowska 46;25.04.2025, 18:00 - 29.06.2025
Wspólnoty zaprojektowane – między rzeczywistością a wizją;Wystawy czasowe;Galeria Podbrzezie, ul. Podbrzezie 3;25.04.2025, 18:00 - 08.06.2025
Zu Ziny. Wystawa prac Agaty Jabłońskiej;Wystawy czasowe;Muzeum Komiksu, Kraków;26.04.2025 - 22.06.2025
Czym jest dla ciebie Europa? Wystawa fotografii;Wystawy czasowe;;26.04.2025 - 30.06.2025
Cztery żywioły – ziemia. Wystawa Krakowskiego Klubu Fotograficznego;Wystawy czasowe;Nowohuckie Centrum Kultury, al. Jana Pawła II 232;27.04.2025, 17:00 - 31.07.2025
W szerokim kadrze. Komiks polski po transformacji;Wystawy czasowe;Bunkier Sztuki, pl. Szczepański 3a;30.04.2025 - 31.08.2025
Rendezvous w Wiedniu. Fotografie Ouriela Morgenszterna;Wystawy czasowe;Żydowskie Muzeum Galicja, ul. Dajwór 18;05.05.2025, 18:00 - 30.09.2025
Królestwo roślin i zwierząt – opowieść i trudy poznania;Wystawy czasowe;Muzeum im. E. Hutten-Czapskiego, ul. Piłsudskiego 12;13.05.2025 - 12.10.2025
Paweł Olchawa. Malarstwo;Wystawy czasowe;Krypta U Pijarów, ul. Pijarska 2;13.05.2025, 18:00 - 03.06.2025
Mały Format 2025;Wystawy czasowe;Raven – Galeria Sztuki, ul. Brzozowa 7;14.05.2025, 17:00 - 12.06.2025
Ujawniając to, co ledwie przeczuwane;Wystawy czasowe;Bunkier Sztuki, pl. Szczepański 3a;14.05.2025, 18:00 - 31.08.2025
Przodkowie oczami licealistów;Wystawy czasowe;Muzeum Archeologiczne, ul. Poselska 3;15.05.2025, 17:00 - 27.06.2025
Katarzyna Karpowicz. Niebieski sen;Wystawy czasowe;Galeria Artemis, ul. Poselska 15;15.05.2025, 18:00 - 14.06.2025
Szatnia Damska. Grupa 13;Wystawy czasowe;Cricoteka Ośrodek Dokumentacji Sztuki Tadeusza Kantora, ul. Nadwiślańska 2;15.05.2025, 18:00 - 31.08.2025
Łysogórski zwierzyniec;Wystawy czasowe;Kamienica Szołayskich im. Feliksa Jasieńskiego, pl. Szczepański 9;16.05.2025 - 28.09.2025
Pokaz prac: Teresa Rudowicz, Marian Warzecha, Małgorzata Macharska-Warzecha;Wystawy czasowe;MuFo Rakowicka, ul. Rakowicka 22a;16.05.2025 - 06.07.2025
Katarzyna Adamek-Chase. Immerse;Wystawy czasowe;;22.05.2025, 18:00 - 20.06.2025
Międzymurze. Wawel podziemny;Wystawy stałe;Wzgórze wawelskie;Wydarzenie stałe
Radwan – wszystko brzmi;Wystawy czasowe;MICET Muzeum Interaktywne / Centrum Edukacji Teatralnej, ul. Jagiellońska 1;24.05.2025, 16:00 - 31.07.2025
Wystawa końcoworoczna ASP;Wystawy czasowe;Akademia Sztuk Pięknych w Krakowie, pl. Matejki 13;08.06.2025 - 15.06.2025
Świat gadów;Wystawy stałe;Muzeum Przyrodnicze, ul. św. Sebastiana 9;Wydarzenie stałe
Sztuka dawnej Polski XII-XVIII wiek;Wystawy stałe;Pałac Biskupa Erazma Ciołka, ul. Kanonicza 17;Wydarzenie stałe
Śladami Pamięci;Wystawy stałe;Żydowskie Muzeum Galicja, ul. Dajwór 18;Wydarzenie stałe
Polska kultura ludowa;Wystawy stałe;Muzeum Etnograficzne, pl. Wolnica 1, ul. Krakowska 46;Wydarzenie stałe
Dzieje i kultura Żydów krakowskich;Wystawy stałe;Stara Synagoga, ul. Szeroka 24;Wydarzenie stałe
Sztuka cerkiewna dawnej Rzeczypospolitej;Wystawy stałe;Pałac Biskupa Erazma Ciołka, ul. Kanonicza 17;Wydarzenie stałe
Galeria Rzemiosła Artystycznego;Wystawy stałe;Gmach Główny, al. 3 Maja 1;Wydarzenie stałe
Reprezentacyjne Komnaty Królewskie;Wystawy stałe;Zamek Królewski na Wawelu, Wawel 5;Wydarzenie stałe
Prywatne Apartamenty Królewskie;Wystawy stałe;Zamek Królewski na Wawelu, Wawel 5;Wydarzenie stałe
Skarbiec Koronny i Zbrojownia;Wystawy stałe;Zamek Królewski na Wawelu, Wawel 5;Wydarzenie stałe
Wawel Zaginiony;Wystawy stałe;Zamek Królewski na Wawelu, Wawel 5;Wydarzenie stałe
Kraków – czas okupacji 1939-1945;Wystawy stałe;Fabryka Emalia Oskara Schindlera, ul. Lipowa 4;Wydarzenie stałe
Galeria Sztuki Polskiej XIX wieku w Sukiennicach;Wystawy stałe;Galeria Sztuki Polskiej XIX wieku w Sukiennicach, Rynek Główny 3;Wydarzenie stałe
Śladem europejskiej tożsamości Krakowa;Wystawy stałe;Rynek Podziemny, Rynek Główny 1/3;Wydarzenie stałe
Krakowianie wobec terroru 1939-1945-1956;Wystawy stałe;Ulica Pomorska, ul. Pomorska 2;Wydarzenie stałe
Wystawa biograficzna Jana Matejki;Wystawy stałe;Dom Jana Matejki, ul. Floriańska 41;Wydarzenie stałe
Wystawa w Domu Józefa Mehoffera;Wystawy stałe;Dom Józefa Mehoffera, ul. Krupnicza 26;Wydarzenie stałe
Europejskie Centrum Numizmatyki Polskiej;Wystawy stałe;Muzeum im. E. Hutten-Czapskiego, ul. Piłsudskiego 12;Wydarzenie stałe
Szkło w Krakowie. Przemysł i sztuka. 1931-1998;Wystawy stałe;Krakowska Huta Szkła, ul. Lipowa 3;Wydarzenie stałe
Pamięć niedokończona;Wystawy stałe;Żydowskie Muzeum Galicja, ul. Dajwór 18;Wydarzenie stałe
Szlak żywego Muzeum Witrażu;Wystawy stałe;Muzeum Witrażu, al. Krasińskiego 23;Wydarzenie stałe
Nieobjęta ziemia;Wystawy stałe;Muzeum Etnograficzne, pl. Wolnica 1, ul. Krakowska 46;Wydarzenie stałe
Krakowskie Bractwo Kurkowe i obronność miejska;Wystawy stałe;Celestat, ul. Lubicz 16;Wydarzenie stałe
Biblioteka Mieczysława Porębskiego;Wystawy stałe;MOCAK Muzeum Sztuki Współczesnej, ul. Lipowa 4;Wydarzenie stałe
Live Factory 2. Warhol by Lupa (Kolekcja MOCAK-u);Wystawy stałe;MOCAK Muzeum Sztuki Współczesnej, ul. Lipowa 4;Wydarzenie stałe
Pawilon Józefa Czapskiego;Wystawy stałe;Muzeum im. E. Hutten-Czapskiego, ul. Piłsudskiego 12;Wydarzenie stałe
Wystawa w Muzeum Katedralnym;Wystawy stałe;Muzeum Katedralne, Wawel 3;Wydarzenie stałe
Kraków na wyciągnięcie ręki;Wystawy stałe;Pałac Biskupa Erazma Ciołka, ul. Kanonicza 17;Wydarzenie stałe
Stała wystawa Muzeum Lotnictwa Polskiego;Wystawy stałe;Muzeum Lotnictwa Polskiego, al. Jana Pawła II 39;Wydarzenie stałe
Stała wystawa Muzeum Uniwersytetu Jagiellońskiego;Wystawy stałe;Muzeum Uniwersytetu Jagiellońskiego, ul. Jagiellońska 15;Wydarzenie stałe
Mięczaki świata;Wystawy stałe;Muzeum Przyrodnicze, ul. św. Sebastiana 9;Wydarzenie stałe
Stanisław Dróżdż. Pojęciokształty (Kolekcja MOCAK-u);Wystawy stałe;MOCAK Muzeum Sztuki Współczesnej, ul. Lipowa 4;Wydarzenie stałe
Pradzieje i średniowiecze Małopolski;Wystawy stałe;Muzeum Archeologiczne, ul. Poselska 3;Wydarzenie stałe
Rozmowa z kamieniem;Wystawy stałe;Muzeum Przyrodnicze, ul. św. Sebastiana 9;Wydarzenie stałe
Świat łowców mamutów. Paleolit – przyroda i sztuka;Wystawy stałe;Muzeum Przyrodnicze, ul. św. Sebastiana 9;Wydarzenie stałe
Galeria Zdzisława Beksińskiego;Wystawy stałe;Nowohuckie Centrum Kultury, al. Jana Pawła II 232;Wydarzenie stałe
Wystawa interaktywna o Starym Teatrze;Wystawy stałe;MICET Muzeum Interaktywne / Centrum Edukacji Teatralnej, ul. Jagiellońska 1;Wydarzenie stałe
Ogród Nadziei;Wystawy stałe;Bulwary Wiślane;Wydarzenie stałe
